"","logFC","AveExpr","t","P.Value","adj.P.Val","B"
"LYNX1",-1.78952323237595,16.2860575916389,-18.7128243454444,1.17970391795686e-12,1.0146633398347e-08,19.0474994616316
"CLDN19",-1.81515900193988,16.959848577801,-16.1061803638499,1.28118435742677e-11,5.15168784525673e-08,16.8443700148802
"SLC1A4",2.05475592559145,16.5022929445888,15.5017949067239,2.33922686813617e-11,5.15168784525673e-08,16.2768216810424
"MPZ",-1.79400601085509,22.5937379444485,-15.3512805668594,2.72632849176409e-11,5.15168784525673e-08,16.1317971929488
"DUSP15",-2.21086634948297,16.3427064359587,-15.159933585706,3.31859714553884e-11,5.15168784525673e-08,15.945242803055
"MBP",-2.0889814615795,22.5671760215623,-14.9975628214685,3.92773640277926e-11,5.15168784525673e-08,15.7849872098506
"RAP2A",-1.37531109225436,15.7330814023488,-14.8901095911116,4.3949721723535e-11,5.15168784525673e-08,15.6779335187095
"PRX",-1.91194428953471,21.2022126201732,-14.8079403693795,4.79171058737982e-11,5.15168784525673e-08,15.5955260381937
"PLLP",-2.0009603855636,14.4186996485482,-14.540495892397,6.36675692041543e-11,6.08449736361034e-08,15.3239930689327
"RAP2C",-1.0818048542051,15.0923522554061,-14.262412097306,8.59701621774938e-11,7.39429364888624e-08,15.0361694412931
"RHOBTB3",-1.10326634887379,13.713732669657,-14.1167385781449,1.0081971366457e-10,7.50701085560173e-08,14.8831081583631
"DHH",-1.94085708737548,14.5419104910626,-14.0820787975032,1.04736809983979e-10,7.50701085560173e-08,14.846455620935
"PALS2",-1.74827613093905,17.4261781024509,-13.8796150192936,1.31068347036909e-10,8.44413998875602e-08,14.6305226975522
"PMP2",-1.82067537017953,23.3345854813107,-13.8370364978626,1.37446761821398e-10,8.44413998875602e-08,14.5847104258709
"RASAL1",-1.4497878742985,13.6040264317562,-13.7375389523156,1.53662929671328e-10,8.81103238735394e-08,14.4771063393221
"EEF1E1",1.34663226760731,16.0317663308723,13.291598867893,2.5547886699948e-10,1.33536331946822e-07,13.9851793888857
"ANXA3",-1.37326799011762,18.7029943238441,-13.2634496107164,2.63936477513775e-10,1.33536331946822e-07,13.9535871259901
"MAGED4",1.73080521637593,13.5195115645289,13.1928025535171,2.86489669621778e-10,1.3689431380094e-07,13.8740112350152
"SLC25A10",-1.08758679973405,15.0779276556824,-13.0467215434445,3.39819438878708e-10,1.53830894410304e-07,13.7081509619888
"DRP2",-1.7086841422467,16.6963433641856,-12.9341830137829,3.88003898235792e-10,1.63854260091134e-07,13.579150641439
"SLC12A2",-1.3809383738144,14.9497534688583,-12.9083224006284,4.00062720836392e-10,1.63854260091134e-07,13.5493551951236
"PLP1",-1.90004177473917,20.3337872549309,-12.7627569204428,4.75729662498541e-10,1.85988673961361e-07,13.3805707614108
"FARSA",1.68174906883743,15.2066043407107,12.708302352438,5.07791990169693e-10,1.8862020039756e-07,13.316959344628
"ERLEC1",1.02499254655461,15.9925734507772,12.6693500256454,5.3211931162996e-10,1.8862020039756e-07,13.2712983603449
"CADM4",-1.8361984174119,19.9993715447403,-12.6445420172358,5.4825078594803e-10,1.8862020039756e-07,13.2421485005076
"PCBP3",1.62836884215115,14.5807564809336,12.5704299064106,5.99586352334051e-10,1.98347777554814e-07,13.1547430054934
"MARS1",1.39920944519227,17.4432529287928,12.4075706341623,7.31032272364373e-10,2.29802311066329e-07,12.9609590796424
"EPB41L3",-1.4705909248033,17.7021451606263,-12.3887137830329,7.48106581776214e-10,2.29802311066329e-07,12.9383681460767
"SLC44A2",-1.40014943783764,15.8134541121329,-12.2946584723839,8.3977451545496e-10,2.49065538187176e-07,12.8252076387799
"SUSD2",-1.2269570393107,15.6108453524896,-12.2252148572302,9.15011879681643e-10,2.62333905904727e-07,12.7411415599869
"RTL8C",1.45955079812571,15.1086712164521,12.0550053816746,1.13107765636555e-09,3.13819320077421e-07,12.5332141607652
"MPP2",1.2740426447043,13.0973334333627,11.9739034751492,1.25236027907106e-09,3.24193255353548e-07,12.4331915985371
"EEF1A2",1.33936400301792,21.657231928539,11.9461987171958,1.2968685591178e-09,3.24193255353548e-07,12.3988817805982
"CEMIP2",-1.79492545639292,14.3250945943118,-11.9127857036222,1.35277367591368e-09,3.24193255353548e-07,12.357406349118
"FARSB",1.65534692309962,16.9882837115805,11.9070403401574,1.36263956558289e-09,3.24193255353548e-07,12.3502640023207
"GJB1",-1.54201135464805,14.2549378589273,-11.8973517525518,1.37944875207584e-09,3.24193255353548e-07,12.3382125459829
"SIAE",1.96086483709082,15.7545153247503,11.8682235308908,1.43131280985669e-09,3.24193255353548e-07,12.3019267798921
"B3GAT3",1.32418720292796,14.9751777426584,11.8618158905512,1.44299506499032e-09,3.24193255353548e-07,12.2939337867762
"ELAVL4",3.51631196352061,13.9173747120444,12.4516903459144,1.47000778500039e-09,3.24193255353548e-07,12.3087638584086
"UBL3",-1.30187665767384,14.9189049426934,-11.7835941995264,1.59398554741187e-09,3.31010655491873e-07,12.1960426121872
"EPDR1",2.03941462649199,18.9564832210358,11.7762107193513,1.60907304981213e-09,3.31010655491873e-07,12.1867722092017
"POGLUT1",1.00313836888156,15.3319112642061,11.7165077679589,1.73673690069724e-09,3.31010655491873e-07,12.1116186741234
"MSI2",1.21765765380625,14.5081088261274,11.7075153490584,1.75687132292047e-09,3.31010655491873e-07,12.1002692694877
"NACAD",2.45623890953183,14.6821585146322,11.690216454499,1.79629866692176e-09,3.31010655491873e-07,12.078414167141
"MYO1D",-1.42960055487246,16.4670362227986,-11.6855012727272,1.80720623763501e-09,3.31010655491873e-07,12.0724520612596
"DHCR7",1.41234759529477,15.9064211102491,11.6758398092681,1.82977440925991e-09,3.31010655491873e-07,12.0602288935482
"CD55",-1.06548932795601,15.2700378046041,-11.6608298098995,1.86542672194936e-09,3.31010655491873e-07,12.0412210507419
"PLSCR3",-1.03870721699664,16.0155269071465,-11.6467691681469,1.89948796222651e-09,3.31010655491873e-07,12.0233955352942
"EPRS1",1.03981245352056,17.8312527338517,11.621330940618,1.96278556273162e-09,3.31010655491873e-07,11.991096995656
"CKMT1A",1.81801895104103,16.9220758714761,11.6122255423952,1.98597886980743e-09,3.31010655491873e-07,11.9795206485665
"RARS1",1.06118252646365,16.6916159340409,11.6098686444431,1.99202925965559e-09,3.31010655491873e-07,11.9765228340079
"VAT1",-1.14267797181951,18.7644737113571,-11.5984941159265,2.02150284889693e-09,3.31010655491873e-07,11.9620475618173
"FXR1",1.19959016707039,16.1443381640871,11.5915536345751,2.03971221265775e-09,3.31010655491873e-07,11.9532088522116
"SNTA1",-1.1807405536568,17.2346460503253,-11.5257051294999,2.22131810555387e-09,3.53806611590164e-07,11.8691153361676
"SFT2D2",-1.20141604812032,16.5542708211429,-11.4475623644452,2.45915464792901e-09,3.77699805836383e-07,11.7687656412535
"PIP5KL1",-1.62812425455554,12.8286932629523,-11.3819753654151,2.67945532236451e-09,4.04315705748371e-07,11.6840710778937
"CBLN4",1.32605095925027,15.8425941981765,11.2563331065355,3.1615337865326e-09,4.51290176618401e-07,11.520619220336
"SLC27A6",-1.49847193297824,16.2561611076808,-11.2360013042547,3.24775954943486e-09,4.51290176618401e-07,11.4940188816018
"AHNAK2",-1.52296831185656,16.3178725423383,-11.2347586797943,3.25310905131274e-09,4.51290176618401e-07,11.4923917786991
"PDK3",1.23691486496032,14.9642727046704,11.2135360744518,3.3459181986225e-09,4.56797498830986e-07,11.4645784536127
"LAMA1",2.45206024692533,16.5541913215453,11.19303491152,3.43822135367729e-09,4.61917279320537e-07,11.4376670126024
"SLITRK2",1.30935884625685,13.6493260957357,11.1816078566706,3.49082934029007e-09,4.61917279320537e-07,11.4226483281023
"ALPL",1.94023384487362,14.6023249885625,11.1560936305744,3.61137284463155e-09,4.70627542979939e-07,11.3890665134326
"GNAI1",-1.60460462025641,17.8761356914399,-11.098307673697,3.90087208242786e-09,4.94898567078153e-07,11.3127615358353
"GLDN",-1.34604362890049,14.5407208667682,-11.0884475393247,3.95266097302849e-09,4.94898567078153e-07,11.2997071103083
"CD9",-2.50993593603257,19.4272099973453,-11.0851322486017,3.97023615026073e-09,4.94898567078153e-07,11.2953155420822
"IARS1",1.37999425321523,16.9628434355585,11.0586333024262,4.11370357907948e-09,5.05456635480895e-07,11.260173119467
"POMGNT2",1.15910740945429,15.1066213499369,10.9813842473978,4.56392760341469e-09,5.45199184957913e-07,11.1573109312538
"STBD1",1.86086813811736,16.5154017643804,10.9071098341466,5.04590156384712e-09,5.86483775008771e-07,11.0578220644364
"G3BP2",1.49759532163912,15.8528960919374,10.8875545881066,5.18150458950487e-09,5.8829550350807e-07,11.0315318957949
"GABBR1",1.65482338724919,13.0968195250577,12.0142960135898,5.19828604425222e-09,5.8829550350807e-07,11.1079778984939
"VARS1",1.0610932496669,17.1331657946622,10.865360175752,5.34006552069052e-09,5.96492253811158e-07,11.0016447594301
"SLC7A5",-1.26607508630959,14.0171662897944,-10.8392460339618,5.5331886982824e-09,6.0873821934138e-07,10.9664126153996
"HABP4",2.05902242187084,13.8353394572354,10.8315824632816,5.591247451223e-09,6.0873821934138e-07,10.9560595282387
"CMTM5",-1.2612133066541,16.6355478820812,-10.7419753800204,6.31970331384983e-09,6.56039576978163e-07,10.834541490813
"DARS1",1.11283076203279,16.5826134408453,10.740694912295,6.33080861402018e-09,6.56039576978163e-07,10.8327988120984
"SLC4A4",2.29710920168394,13.9404109269487,11.202945042356,6.61207229567788e-09,6.69359991510096e-07,10.8371920840296
"EEF1B2",1.26460295657059,18.0037774308183,10.7024798784674,6.67186769498524e-09,6.69359991510096e-07,10.7807083914295
"FXR2",1.19487843182445,15.3205643676457,10.7001806140753,6.69299478399086e-09,6.69359991510096e-07,10.7775692942324
"CDS2",1.57688465448941,15.7954412534554,10.610117865751,7.57845438212796e-09,7.40707797053211e-07,10.6541616535591
"ADD2",-1.21178517336255,14.4197335636355,-10.5753440364584,7.95257622969802e-09,7.6854054102958e-07,10.6062781025353
"CTNNA3",-1.3149838765298,15.999261385873,-10.5072985796016,8.74196162475632e-09,8.11635978777e-07,10.5121982424285
"PYCR2",1.1367679552159,14.4520159788195,10.5045137042101,8.77597326197663e-09,8.11635978777e-07,10.5083370766397
"MICU3",1.18716539305004,13.3901938842324,10.453085774994,9.42970936794041e-09,8.62818407166548e-07,10.4368803153629
"SIRPA",-1.25586556673138,16.8872313438045,-10.431214391389,9.72306797983721e-09,8.80295870469261e-07,10.4064027550694
"STAU2",1.55072174646784,11.5371638474498,10.3681840154758,1.06234055950486e-08,9.45587800524041e-07,10.3182745342694
"ATP2C1",1.25443355171029,14.5875268352412,10.3654685257321,1.06641107604734e-08,9.45587800524041e-07,10.3144678687925
"ELAVL2",3.29757335502748,14.283319335717,10.310206572219,1.15291002023146e-08,1.01185500857253e-06,10.2368213245338
"PLBD2",1.52501966295522,15.7440004217789,10.2974591742358,1.17389064771945e-08,1.0181066729955e-06,10.2188620182575
"LIN7A",-1.29138347755963,17.2172738289961,-10.2915767572915,1.18370732821242e-08,1.0181066729955e-06,10.2105683791493
"GAS2L3",-1.19013200144814,13.9167577615142,-10.2597291645142,1.23837433778391e-08,1.05457996824549e-06,10.165598982987
"TTYH1",1.96719895281712,14.4719187719444,10.2240599535746,1.30276502757502e-08,1.07741173097815e-06,10.1150980373374
"COQ10B",1.32534033343638,14.4661715134805,10.2104749978063,1.32820572667277e-08,1.08799023382024e-06,10.095826567197
"PLEKHF1",-1.11159729356185,14.1957594070141,-10.2001856110724,1.34782198984414e-08,1.0936431070424e-06,10.0812162841753
"CNP",-1.26213567095659,21.2086609451822,-10.1023673843466,1.55024953493261e-08,1.22327488531701e-06,9.94172100297667
"MYO1B",-1.15209238298603,17.0584096846363,-10.0877747683982,1.583085208279e-08,1.23782871603706e-06,9.92081758645106
"PURG",2.17411620803586,14.1597453759349,10.0630863528197,1.64031267225059e-08,1.27102065711958e-06,9.8853968321314
"SEMA7A",-1.28797366469959,14.5810290472507,-9.96729092902519,1.88378665355727e-08,1.43384504488903e-06,9.7472951147468
"OTUD7B",-1.06188084100339,15.6793237792574,-9.93784349866916,1.96604145471035e-08,1.48332653964594e-06,9.70462989648168
"SVIP",-2.43867173342056,18.3250726363078,-9.88070594838204,2.13659065391776e-08,1.59798401863884e-06,9.62155831248235
"FMN2",-1.47089960121718,12.9774940668844,-9.84875030834459,2.23868667896444e-08,1.64572172015155e-06,9.57493246099628
"CTIF",1.01470412739235,14.1552159979215,9.75406866786183,2.57239516525031e-08,1.83557428749658e-06,9.43608133167591
"SLC44A1",-1.21122059061495,17.0745894079849,-9.75145666317511,2.58231006612122e-08,1.83557428749658e-06,9.43223585124551
"BCAS1",-2.07143582236568,18.2901579350009,-9.73044894105351,2.66352733071536e-08,1.87778676815433e-06,9.40127825861207
"GLDC",-1.23835460161912,16.1028653537229,-9.61660967562106,3.15281833475986e-08,2.11854613259918e-06,9.2326102490278
"PJA2",1.40332847472084,12.5318172854499,9.56588256830047,3.40043855098353e-08,2.26722263387669e-06,9.1569528958582
"SHH",-1.36758464202249,14.1760887687343,-9.52942067132413,3.59098317426524e-08,2.37584971398887e-06,9.1023805079262
"NAT8L",1.30401674342455,13.0392665864303,9.51414472037712,3.67411440434914e-08,2.39697168826016e-06,9.07946941287056
"SCD5",1.18374534426727,15.1202977296369,9.51332263099763,3.67864507441392e-08,2.39697168826016e-06,9.07823563224203
"DDAH1",-1.46627279174302,19.3360302760637,-9.48691294461125,3.82735766610051e-08,2.46985767907132e-06,9.0385568581117
"NFASC",-1.24348703841613,15.9610837532646,-9.48334360054312,3.84793546094125e-08,2.46985767907132e-06,9.03318768466563
"EEF1G",1.23329548190827,19.2588168342918,9.39421923842119,4.40124773116165e-08,2.74312548809575e-06,8.89862097941591
"TPGS1",1.06794909049966,13.0555392111127,9.37276841294567,4.54650025553967e-08,2.81326969049616e-06,8.86608835352888
"CAPS",-2.11638189248048,18.3884917048213,-9.33527962576757,4.81255800328935e-08,2.89460219484557e-06,8.80909706807165
"ARHGEF6",1.13524939197522,14.0843061118447,9.2788475718424,5.24427961460034e-08,3.10930691024367e-06,8.72298222833205
"ELAVL3",1.52121347350855,14.077085241228,11.2953947742279,5.27797708284589e-08,3.10930691024367e-06,8.90886546643276
"SLC36A2",-1.57109434487966,13.7184530428308,-9.20364087883437,5.8837480704616e-08,3.35425244692217e-06,8.60760621323102
"UST",1.07145673441524,13.6020919590724,9.20308605960175,5.88875851046678e-08,3.35425244692217e-06,8.60675244913663
"FA2H",-1.0907107920573,13.5812232085768,-9.13637384635948,6.52508929266621e-08,3.66812372589687e-06,8.50381538439924
"SLC3A2",-1.02526972569854,15.1526590294143,-9.11689405667717,6.72420310270662e-08,3.73128199266966e-06,8.47365326263564
"CRELD1",1.13718946014691,14.8325940082987,9.11267228229411,6.76819031097604e-08,3.73161569645544e-06,8.4671100901007
"ATP13A2",1.54453629853183,13.3627679668498,9.09073997769903,7.0016120857884e-08,3.83572392037363e-06,8.43308208355397
"QPRT",-1.29505942929123,16.2573774053409,-9.06131301467849,7.32813894218658e-08,3.96410836740546e-06,8.38733126811026
"STX1B",-1.23122294561814,14.414502699996,-9.03392177514143,7.64644117325367e-08,4.11044003319717e-06,8.34464756469173
"MME",-1.43439659919944,17.1399688820183,-9.00033927044798,8.05658281439817e-08,4.25600754986029e-06,8.29218691882769
"MSL3",-1.66810017429572,14.7850756059581,-10.2625261480682,8.06568109088742e-08,4.25600754986029e-06,8.47044323254493
"MGLL",-1.25869533382246,16.5196425545107,-8.96281792356936,8.54224271586391e-08,4.45283815752397e-06,8.23340455460704
"ZNF263",-2.20410463575689,15.0723253450304,-10.7859850876239,9.01949082305841e-08,4.59196545294851e-06,8.40624135811207
"GGH",1.68023063380297,16.3848664499951,8.92783846057785,9.02268318461498e-08,4.59196545294851e-06,8.17844357469173
"SGCB",-1.07196304839984,17.5170393236704,-8.92557142151821,9.05478245301962e-08,4.59196545294851e-06,8.17487615601458
"RPL36AL",1.38023096743242,16.9967264285233,8.92407151008205,9.07608565284556e-08,4.59196545294851e-06,8.17251553195521
"MRPL21",1.02762596729362,14.2924018193962,8.91016448038862,9.2761267291852e-08,4.66572900571473e-06,8.15061442272327
"TMPRSS5",-1.26623840700326,14.6694991990364,-8.85931027999239,1.00478636405732e-07,4.96693614037852e-06,8.07031805898682
"SHROOM3",-1.27555222743448,13.2483246181116,-8.84318625934348,1.0306375953139e-07,5.0174209771497e-06,8.04478998059892
"DYNLL1",-1.21025904708952,19.5726149734032,-8.84201943226779,1.03253518539181e-07,5.0174209771497e-06,8.04294132995302
"CRYAB",-1.16291487451954,20.6298472312921,-8.82626827271132,1.05851240047356e-07,5.11475570588375e-06,8.01796906328973
"IGSF8",-1.08593387606225,15.4364943174271,-8.81212249363812,1.08242588621446e-07,5.19925851549793e-06,7.99551488087505
"SQLE",1.30267209293091,13.393235381514,8.80531488036032,1.09413532299166e-07,5.19925851549793e-06,7.98469971595622
"SLC6A15",2.83391338279328,12.779919642458,11.3285043063032,1.13526882487856e-07,5.30985274757411e-06,8.16172024594266
"SNX10",1.56366201814714,12.4858817982891,8.77202754659613,1.15333321153098e-07,5.33323599590211e-06,7.93173075993128
"LPCAT4",1.24805551245186,14.1448258202384,8.74402829557786,1.20572413729593e-07,5.48700174861498e-06,7.8870660147113
"FNDC1",-1.15589689794471,13.861286812277,-8.72710304433229,1.23859791204521e-07,5.57758148769679e-06,7.86001757112074
"ALDH3B1",-1.52529144753043,15.1129954667976,-8.72188938774803,1.24891249482907e-07,5.59473769167958e-06,7.85167810512374
"LITAF",-2.31196775645775,15.5743875218985,-8.68782811326927,1.31855153733938e-07,5.84580503745155e-06,7.79710905741557
"MRPS21",1.58562243418215,14.2397515789444,8.6229730705895,1.46263360603505e-07,6.43159849276343e-06,7.69278943021988
"MPZL2",-1.59963500743508,13.1697725657595,-8.62169397179401,1.46563574535709e-07,6.43159849276343e-06,7.69072648978401
"GLRX2",1.35470329754019,11.1222527217594,8.58915276145699,1.54422360392264e-07,6.70801374613064e-06,7.63817198233495
"MAGED1",1.20132292862342,11.9198276936603,8.88337236201697,1.58580373864188e-07,6.85401907339637e-06,7.67643103522886
"CDC42SE2",-1.11218903278656,14.2678391121607,-8.55647790509734,1.62758635333293e-07,6.99943511250828e-06,7.58526239656335
"UBE2J1",1.03485750123222,12.8752306400709,8.52937896632059,1.70029563056661e-07,7.27574264602159e-06,7.54127567088609
"LIN7C",-1.16927077459339,16.4543978057593,-8.49911777905141,1.78552541450822e-07,7.6026257872204e-06,7.49204208103914
"ZDHHC7",1.23762023824193,12.126491717424,8.47180980461906,1.86627961977162e-07,7.83018098031987e-06,7.44750983191383
"CADM3",-1.33902584638353,13.693148388896,-8.46400902036901,1.89004336977021e-07,7.85326716105969e-06,7.43477072620003
"SGCE",-1.08017223635267,17.158875028984,-8.40626043430193,2.07612263100507e-07,8.42646381543868e-06,7.34021420808556
"LIMCH1",-1.10427139638491,16.3525894268412,-8.39364554867482,2.11926553218521e-07,8.55765391658449e-06,7.31950010216586
"EPHB1",-1.04477928027472,13.4222678456197,-8.38622207335217,2.14509149558855e-07,8.62146352969957e-06,7.3073006251119
"BSCL2",1.46196816001716,16.1556652716934,8.36281438716387,2.22870488946272e-07,8.9158561647762e-06,7.268785387541
"SLC2A6",2.08458228822985,13.2811005290665,8.3568629547114,2.25050292198462e-07,8.91710357681949e-06,7.25898124142032
"ATP1B1",-1.03467445229137,19.9260747073877,-8.34267489117458,2.30337380600837e-07,9.00514459339909e-06,7.23558941682994
"EDNRB",1.52518913111215,12.9108661451373,8.33609295327025,2.32834085400573e-07,9.06070592209752e-06,7.22472870161094
"HDAC11",-1.23091423683265,13.7588170772735,-8.30161941343956,2.46381532366473e-07,9.41834471059571e-06,7.16775041459581
"OSBPL3",1.09814324973419,15.713823051975,8.29462419320377,2.49229804240442e-07,9.48506878881434e-06,7.15616929417769
"CALHM5",-1.09480585173334,15.2421080994079,-8.25827874368283,2.64593535494365e-07,9.89464782081319e-06,7.09589145414911
"AKR1B1",-1.22971058377345,21.2235323029819,-8.21164475334724,2.85771157656813e-07,1.05490031201985e-05,7.01829149246939
"HSPB2",-1.01243268449096,13.442425036606,-8.18127954982722,3.00508016439062e-07,1.09985934016697e-05,6.96760633725759
"VAMP5",-1.24393769109393,15.2822242689594,-8.14953752793792,3.16765683701189e-07,1.1495787533814e-05,6.91449049994502
"FSCN1",-1.05354653302211,19.0388645905098,-8.13925893056355,3.22225293448161e-07,1.16447888611245e-05,6.89726162709948
"PAG1",1.48120144016881,14.4432773479589,8.04218027909555,3.78915287661372e-07,1.33022464864305e-05,6.7338358435685
"KATNAL2",1.0520753541096,18.6338397479461,7.99284235869514,4.11635743464315e-07,1.40495199584784e-05,6.65028936855993
"OGN",-1.24325510220812,22.8080392980923,-7.9748265537926,4.24308545234193e-07,1.43680228250366e-05,6.6196998342134
"GPRC5B",-1.21509233868978,14.3521705279662,-7.960991972471,4.34316694139669e-07,1.4592022993341e-05,6.59617973649703
"PLCB1",-1.0299405304252,15.0720901929446,-7.94783886456301,4.44060837316663e-07,1.47600645210904e-05,6.57379403776588
"SMTN",-1.35455142244794,14.5943452745655,-7.90902992306318,4.74165993914058e-07,1.54481125517228e-05,6.5076063749129
"TMA7",-1.15231361902686,15.0037751048732,-7.9023045594044,4.79596269828588e-07,1.55496959572009e-05,6.49611554025504
"REEP1",1.23820245957474,15.8936578955374,7.90070199799428,4.80899793583938e-07,1.55496959572009e-05,6.49337652132514
"MRPL51",1.01126848758349,12.6475447399949,7.8876091608308,4.91689217542734e-07,1.57799214928547e-05,6.47098574411585
"MID1IP1",1.0429858448863,13.6952395595292,7.86411457535709,5.11689473600509e-07,1.63607478157546e-05,6.43074759902694
"MRPS12",1.04862184978078,12.9906626846797,7.85049333154848,5.23672489477512e-07,1.66203213357789e-05,6.40738449949058
"CDS1",1.51658792224389,12.390954538697,7.84571232147452,5.279477069022e-07,1.66944052465655e-05,6.39917810698402
"THY1",-1.35101356474427,18.1609734514788,-7.81376454704584,5.57468050544823e-07,1.7496025760704e-05,6.34426075167707
"CTNND2",1.61437630666085,13.2168630434998,8.06582165508117,5.59400893407e-07,1.7496025760704e-05,6.40882252605839
"ATP1A3",-1.36061952152785,16.7613896293436,-7.69288436804442,6.8572304506029e-07,2.04788330227901e-05,6.13520188019938
"ISCA1",1.00417984772455,14.1338980917717,7.6683039932657,7.15380522696865e-07,2.09285301895093e-05,6.09244453099642
"BRI3BP",1.0752939812097,14.3184384681362,7.61521084617321,7.84103830956542e-07,2.27158874607939e-05,5.99980461286867
"AIMP1",1.15415401967101,15.3300322048527,7.57563592661751,8.39793063354955e-07,2.36154111945117e-05,5.93049836714804
"GLS",1.76471403785888,14.6057581912085,7.57537640646455,8.40171587666619e-07,2.36154111945117e-05,5.93004316214139
"USF3",-1.81005552404795,18.6714074390845,-8.81010227860063,8.92152113501103e-07,2.42419962253783e-05,6.15515131829367
"TMEM35A",1.68520386325844,14.1298769589312,7.54000449647587,8.93467364660496e-07,2.42419962253783e-05,5.86791256007102
"SERINC5",-1.37165992237234,15.8398896877179,-7.5214239921909,9.22865531311908e-07,2.488265340067e-05,5.83520645630508
"SHPRH",1.34987164048099,13.8933586034138,8.76933771588762,9.39082145739889e-07,2.51346035079762e-05,6.10418810887815
"CAMK2A",1.349054001444,14.685337638713,7.51028210135175,9.40976901472892e-07,2.51346035079762e-05,5.81557109423223
"GLTP",-1.17166730370735,16.8490401047139,-7.49804481945554,9.61296963038489e-07,2.55188740095495e-05,5.7939854569221
"IGFBP6",-1.30756130383437,15.0238083064866,-7.49566759259361,9.65297197258191e-07,2.55462190572852e-05,5.78978979584869
"OGDHL",1.13582157282685,14.0794591635046,7.49112825276437,9.72984017756675e-07,2.55921576046641e-05,5.78177595544842
"CD151",-1.04671271854345,17.3741365644302,-7.4822821081151,9.88147991913874e-07,2.58330117886056e-05,5.76615056896377
"SMCO3",-1.87351355302216,12.7639899193079,-7.37687420738506,1.18904943275701e-06,3.00794534445384e-05,5.57912557906163
"FDFT1",1.61031046781723,14.3119951793485,7.35889612412701,1.22736387531037e-06,3.07515510113058e-05,5.54707262355474
"KIF19",-1.24847240355791,13.2242892877492,-7.35741578742101,1.2305755866437e-06,3.07515510113058e-05,5.54443133709394
"FTH1",-1.3018868733604,20.7881830670187,-7.34653215492967,1.25445929933575e-06,3.11838278427363e-05,5.52500286453619
"EGR2",-1.07150169550825,13.2939621546234,-7.33787838467955,1.27379448552671e-06,3.14824895690093e-05,5.50954314876839
"LGI3",-1.16716263962315,14.6302054240745,-7.28683453548584,1.3943453699699e-06,3.40128670436743e-05,5.41814214976153
"AK8",-1.04307405945172,15.1212702738544,-7.45198887886852,1.52254379518963e-06,3.61751358630552e-05,5.39847995970366
"DGKH",1.20030670780343,15.8880761500185,7.2147625720943,1.58518033132368e-06,3.75596033876445e-05,5.28846786747559
"TSPAN15",-1.06914300377664,16.8029615287605,-7.20722608667434,1.60665115468025e-06,3.7756302134986e-05,5.27486605173653
"CLGN",1.07701981904726,14.1094687584913,7.1928478387399,1.64845861228493e-06,3.86332221369555e-05,5.24889422905446
"ARHGAP19",-1.19816059014504,11.0375511038113,-7.34469684111447,1.82291049866375e-06,4.16990776569333e-05,5.21655125526014
"ACSBG1",1.96627892468823,13.7099108780623,7.54152494184361,1.97229892635191e-06,4.44077043600858e-05,5.21267882378258
"GJC3",-1.26991823937244,16.6891965210273,-7.04782815109651,2.13934827712114e-06,4.74240580709251e-05,4.9853248070696
"BNIP3",1.2157653110003,11.5796353528328,7.04370816240074,2.15533939609752e-06,4.7655717598547e-05,4.97779386164371
"SLC35C1",1.41330940244311,12.0530264577559,7.47883186483968,2.17758902926271e-06,4.78537088409433e-05,5.11277328617522
"MYO3B",-1.05845892978029,14.4457996137552,-6.96271987931747,2.49628693330714e-06,5.3946140485866e-05,4.82927297577484
"NCAM1",1.06607244666148,18.0210023156449,6.95798288514832,2.51789090508657e-06,5.42766407885955e-05,4.8205576144827
"PLAAT3",-1.09139131178085,14.30701120102,-6.95103931290512,2.54991082182195e-06,5.45204995198427e-05,4.80777680980114
"ATP1B2",1.51852277362159,15.256711007233,6.89454261672472,2.82673439042157e-06,5.94443581711881e-05,4.70353472481333
"PGAP4",1.27037603347069,12.3558257808463,7.31315789051258,2.83586351106258e-06,5.94908830698761e-05,4.8461405642117
"CPM",-1.18595688313985,15.1950061672146,-6.85138713184432,3.05916265357805e-06,6.29470286684805e-05,4.62360813287541
"KIAA0408",-1.34850575747827,14.9273812997883,-6.76503572614258,3.58592436267599e-06,7.13947579707782e-05,4.46289989459219
"OTUD7A",-1.10508571440717,13.0864637579643,-6.75750091548279,3.63615792725386e-06,7.22277005365138e-05,4.44882759456937
"SIGLEC8",2.56951733609417,12.3305660013339,9.27612304795752,3.82099568093282e-06,7.52045397064146e-05,4.6016488784326
"PRRG3",-1.38254610491124,12.1254615375135,-7.38371310116806,3.84656123711283e-06,7.5534870320565e-05,4.62189380904024
"FGF1",-1.48882741728358,18.4223825781664,-6.67183682319855,4.26154699814833e-06,8.19990284811495e-05,4.28828274760384
"CYB5R2",-1.08490246878599,18.7844766145429,-6.65458182252524,4.4005116721735e-06,8.44839305633132e-05,4.25582143815395
"GRAMD1B",1.47317698056221,13.4955827043935,6.77745353149219,4.84522169444809e-06,9.07924875685143e-05,4.22790237113729
"SPATS2",1.58350693683673,12.3287007014449,6.59531443234837,4.91478656948359e-06,9.17704466028477e-05,4.14400917124076
"RNF121",1.03063256771731,12.7505317431376,6.58932446452732,4.97012849043913e-06,9.2528301182396e-05,4.13268160257804
"MANEAL",2.15360909445815,13.2420017845175,8.35388379015591,5.06786720740545e-06,9.31383031002014e-05,4.56734755968388
"SLC16A7",-1.03279071078759,12.3998321323663,-6.55700513902756,5.28010759810297e-06,9.65901694788472e-05,4.07147728806205
"GAA",1.0190250363563,17.1241858476398,6.54914714103731,5.35846720017472e-06,9.72324396386134e-05,4.05657450486295
"CLDN11",-1.48645435990737,16.1692030752756,-6.54528371924616,5.39743511185974e-06,9.77333460991698e-05,4.04924435700338
"FAM177A1",-1.08471375394664,14.2534532490404,-6.53566090550763,5.49577948968223e-06,9.88895384743867e-05,4.0309778494805
"PLK1",-1.40217228509226,13.9929986593754,-6.53113098938018,5.54271745152944e-06,9.95259139887364e-05,4.02237451594924
"EPB41",-1.24785723340655,14.0603037410514,-6.51376245248649,5.72658026838206e-06,0.000102399827210715,3.9893615393308
"STS",1.21452830120468,15.4798701379872,6.50213867699313,5.85315823520012e-06,0.00010401449169619,3.96724462723736
"DCN",-1.04168899472916,22.9560440628366,-6.4582361610321,6.35805640622169e-06,0.000111238225040807,3.88354240028291
"TACC1",-1.0723078426667,16.1520132820813,-6.41030730312395,6.96120386643455e-06,0.00011903243430458,3.79186192170397
"SCD",1.50558159724321,15.4725207288691,6.408825937184,6.98076536237228e-06,0.000119130085082865,3.78902328987757
"ACACA",1.00843684990674,11.8940218720098,6.38918873027897,7.24553423660721e-06,0.000122674881828855,3.75136563834106
"ATP1A4",-1.4123175088544,14.3629908383316,-6.33291246789955,8.06360164056827e-06,0.000134931979981571,3.64315523490628
"SEZ6L2",1.26179623269622,13.4687182497022,6.62325152499521,8.8595187794023e-06,0.000144046731609904,3.6943692261943
"DGKI",1.25965915457343,11.9607859955495,6.43309452381105,8.96027238030042e-06,0.000144863351020609,3.60564128147933
"MOXD1",-1.07307432217255,14.7444592190265,-6.27301140700276,9.04035486148773e-06,0.000145610659482502,3.52750243759683
"SIRT2",-1.12351685491222,16.2168051118276,-6.21776663571122,1.00500729397231e-05,0.000158898303960585,3.4204101428797
"CNTF",-1.57961128567443,15.0743995053587,-6.54028766483493,1.02044576158158e-05,0.000160806081167887,3.54503577579376
"SNED1",-1.24439527591303,14.7689731972841,-6.16189308084791,1.11907350376454e-05,0.000171662831618086,3.31168222798616
"STOML1",1.27248306082149,12.6888422632756,7.26904406051594,1.11967037016331e-05,0.000171662831618086,3.73673763720499
"MT-CO3",1.03548835469254,13.2307957351716,6.11730631906844,1.21968481752266e-05,0.000185017797451717,3.22461915829954
"EIF4H",-1.6297038736325,15.3781499283804,-6.07913019678411,1.31326725533698e-05,0.000195761034023455,3.14986434423747
"FABP7",2.57252051824506,19.6813186629618,6.05657699387527,1.37201824461584e-05,0.00020311065270122,3.10561122077803
"LIPA",1.03091458034252,14.7260497938206,5.96193555828386,1.64983690256959e-05,0.000237295103662224,2.91918220938737
"CSPG5",2.13435457043645,12.5231966014862,6.93063200827269,1.77591308633908e-05,0.000249993919076963,3.27790468675624
"IL17B",-1.17883549354667,14.1006606352541,-6.05771319563502,1.7841426200576e-05,0.000250742004495351,2.90850454910991
"FMOD",-2.32519364303773,18.4968272565519,-5.8884878096088,1.90522082533446e-05,0.000264303295462931,2.77370055463252
"MIA",-1.06582545124847,14.0298024800728,-5.8371915893,2.10756981888685e-05,0.000285828009483515,2.67168564842805
"PPT1",1.23035520689368,12.4079687208837,6.50734135366403,2.18551545775743e-05,0.000294172432741341,2.9652336186573
"PSAP",1.18810474626373,18.9121696139724,5.81050920502672,2.22148543305491e-05,0.000297153906838341,2.61848928013282
"PLEKHB1",-1.0477058813611,15.9664139414515,-5.79866148042669,2.27408964831501e-05,0.000301843288042552,2.59483981615072
"MAG",-1.36699752850281,14.7408342707089,-5.77558489680735,2.38027819406804e-05,0.00031160993526909,2.54872560861825
"FAM169A",1.05304601785926,14.3864785960081,5.77258871105921,2.3944364093618e-05,0.000312987044938006,2.54273340331592
"MAP4",-1.55531243851546,17.305158430675,-5.76917031371039,2.4106960686827e-05,0.000314280901536485,2.53589542794897
"CYP2W1",-1.57159942655883,13.7630835964187,-5.99072549792664,2.66546013194251e-05,0.000339638853256852,2.57226353361558
"CAPRIN2",2.20105451779616,13.7805712004453,6.14408641067718,2.76573096700733e-05,0.000348930955351785,2.62908875549256
"ELOVL7",1.75928119402579,13.0964513047644,7.36755663378142,2.78154121139025e-05,0.000349766607590169,2.90409059936541
"DMTN",-1.00161083058435,13.6002975615377,-5.68974131703249,2.82241624491502e-05,0.000353356653893945,2.37660142807715
"NKAIN2",-1.35865767655311,13.3711199165476,-5.95376737574474,2.84749908846502e-05,0.000355462114076743,2.51227355187701
"SNCA",-1.13614556334313,16.8868493129046,-5.66271365153759,2.97853815657475e-05,0.000363897822225845,2.32222062307864
"PCOLCE",-1.1303611611586,16.6587393189221,-5.62453703935595,3.21439793556059e-05,0.000386671841171422,2.24525626157516
"MMP9",-1.44313513163855,13.7109702158772,-5.74238652525536,3.2294270720977e-05,0.000387937182222239,2.30811921724061
"ARSA",1.44172194519805,14.0896625046311,5.7297705330056,3.30793109674006e-05,0.000395709532170532,2.2838255080612
"IGKV3-20",-1.76004296526277,17.5648749434996,-5.57952890057221,3.51740255896058e-05,0.000415732389142868,2.15429397441591
"ATP4A",-1.26360438315581,13.5462008200789,-5.4601092924343,4.47261702508619e-05,0.000496373923003437,1.91178469652925
"RALYL",1.07033386067969,12.9251036832587,6.55208054741907,4.62539862938062e-05,0.000512008411985878,2.43399578807748
"COBL",1.16748911046933,12.2969551236036,5.46257383177685,5.52862017483246e-05,0.000591944532587075,1.76454957958396
"RIMS1",1.45407082184018,11.5467211218985,6.76498444326661,5.63619202901648e-05,0.00060219736200709,2.26976725034871
"EMILIN2",-1.01609142929927,15.4051670159001,-5.32731878413243,5.85438331818056e-05,0.000620117622163436,1.6402064495247
"KAZN",-1.06790994538217,12.3353162077009,-5.31991093415313,5.94334471049291e-05,0.000626454753124382,1.62499859370826
"MAGEE1",1.76997438646131,12.3675337325176,6.71388419851348,5.99593635571858e-05,0.000631224585012674,2.21354708364238
"ELAPOR2",1.03195354150879,13.3065225828026,6.06303996268158,6.20289672253855e-05,0.000647464984351385,2.02646793638223
"LY6D",-1.72008436418088,14.6919829896284,-5.23468746868543,7.07271558208114e-05,0.000709829950075611,1.44961551328177
"AZU1",-1.88572465774366,13.8188535662738,-6.57300342373708,7.1230107886649e-05,0.000712383904573335,2.02861163268873
"TACSTD2",-2.32311057635468,15.1133448389836,-5.21964343817176,7.29393823569311e-05,0.000724424512300189,1.41857624784025
"FADS2",1.42322689042177,14.884178715997,6.20745373721954,7.38693533713553e-05,0.000731970401321459,1.97390817885053
"PKP2",-1.4697722557564,14.2673333571239,-5.20114395444478,7.57575532087244e-05,0.000744675103026559,1.38037534279322
"SPTBN5",-1.03556133930489,13.7984807368658,-5.19171525816173,7.72367077510032e-05,0.000755157029994564,1.36089176323304
"PNISR",1.3438574130971,13.4007693756423,6.16518394840995,7.83203168972211e-05,0.000762891331407699,1.91624981182143
"ARG2",1.1206152579617,12.9240570152851,5.5153589273607,8.15273584056133e-05,0.00078789019542424,1.53467695679071
"ACHE",1.31183211257571,13.4097279765454,5.1490357692798,8.43125886790514e-05,0.000805747305809468,1.27258487359047
"CORO2B",1.00090899859881,14.4107898179332,5.0922906309392,9.47646590992816e-05,0.000881157657203158,1.15489278315954
"YIPF1",1.46543919424113,13.3770779171527,5.69855187400895,0.000108163821006696,0.000981347072234801,1.46760459899986
"ENTPD6",1.29303839342386,14.0872328333712,5.93362391456279,0.000108378885109287,0.000982262161037908,1.59557477248823
"OMD",-1.62309419653915,14.351400931497,-5.01519075062936,0.000111136220992964,0.000999039063079087,0.994484310059907
"PJA1",1.09783192846657,12.9512984080883,5.0135841471435,0.000111506660967635,0.000999039063079087,0.991135767943673
"CHDH",-1.00127502033005,14.4053274881136,-5.00368689216349,0.000113816795432578,0.00101549611775477,0.970502280263085
"FAIM2",-1.17623139475505,13.475379749761,-4.9910103699161,0.000116847489567779,0.00103724903177258,0.944061501992279
"COMTD1",1.09280033507805,10.7331596761784,5.6184681027585,0.000122524650323136,0.00107974848097264,1.34216889291899
"TMEM176B",1.32580122909137,14.4289508709227,5.02316807540509,0.000131222080228818,0.00113774305650007,0.892068264160195
"STUM",-1.63802203695334,12.6610180367471,-6.44150924567072,0.000136130192069041,0.00116271676463339,1.49421775814391
"CPXM2",-1.05253056296734,15.4250245693892,-4.88393403746925,0.000145988425664925,0.00123010590319478,0.720148632952542
"RBP7",1.01907861792805,15.3240394315035,4.88034240305195,0.000147085873022815,0.00123635492677701,0.712620769611332
"EPHX4",1.28378548339501,12.5298734944046,5.45616199999217,0.000158181698054308,0.00130336390005496,1.08504123398538
"SLC38A1",1.43169238230104,12.2246738394807,5.44995846180161,0.000159745359055806,0.00131297447887658,1.0751365903152
"COL3A1",-1.06061569824982,14.2829521407915,-4.83482027260814,0.000161750092304143,0.0013228890265659,0.617116064469209
"PDIA2",-1.02613119194849,12.9284925588445,-5.01629545957308,0.000161804354836336,0.0013228890265659,0.747098214128616
"SCN10A",1.20817083286301,12.7003856446607,5.59978290130227,0.000175382284509488,0.00141188462725195,1.11881376948899
"SPTB",-1.28175058734993,15.0982001473453,-4.77521886286795,0.000183239501824612,0.00146608646994743,0.491820977010949
"MAPK8IP1",-1.07265163553063,13.3867913345043,-4.76429471829944,0.000187484310055883,0.00149347866779256,0.468826116229132
"PRELP",-1.08500483287295,21.8668943188736,-4.69445502694812,0.000217103415286324,0.00166426602039008,0.321607298204809
"TGM2",-1.12544664955817,17.5618988398512,-4.6586743451414,0.000234087909103891,0.00176768227059049,0.246048859670808
"LONRF2",1.16221582685035,12.2897899921415,4.89298382544518,0.000250675531334559,0.00185867262500736,0.398823734189429
"C16orf89",-1.144760142729,11.5297094104433,-5.00307770178609,0.000257028346581725,0.0019024963932439,0.474817847212135
"IMUP",-1.27434056116943,12.8097520517495,-4.77035227704349,0.000260031313807294,0.00191812120931092,0.268364458040447
"STRA6",-1.47131451401473,11.5109805199773,-4.76144856710312,0.000264571105446719,0.00193494145190526,0.250916235741291
"SH3PXD2A",-1.23388944423564,13.3479974531744,-4.55632029397292,0.000290554987123451,0.00209126648054293,0.0294441030169796
"FAM180B",-2.10564803841729,13.3480620625851,-4.78634109979115,0.000305415157113456,0.00217097170771309,0.180818402805667
"CPVL",1.00324302011456,15.7508906575398,4.52637058306066,0.000309572835543046,0.0021932750893787,-0.034056456389477
"ZNF34",-1.04505630740664,14.2270803633985,-4.88584348022994,0.000315572948668495,0.00222072318850724,0.235192956006044
"LTF",-1.82582016842479,15.047320919111,-4.49251802853387,0.000332601136563986,0.00232034685863528,-0.105892041078833
"STK39",-1.1060153649114,12.18064144761,-4.62396712457318,0.000346017415124649,0.0023789734512287,-0.0194591060757823
"FGFBP2",-1.0203765975476,11.8430698610231,-4.83078296638238,0.000438156501544953,0.00286149132102365,0.0587647704727434
"KLHL12",1.16823393517502,11.8727036798347,5.19396712874763,0.00044131742439973,0.00287123386328447,0.354445979642891
"LGI2",-1.07981174123135,13.2111095591367,-4.82065901245759,0.000445642246843713,0.0028928067661153,-0.0352702455659299
"MX1",1.55054914305797,17.4577858529868,4.32904940781296,0.000470899597179333,0.00302805031902783,-0.453554012730246
"FGFBP3",1.54990216078985,14.2814266428878,4.30723740959796,0.000493331963897046,0.00314307275665074,-0.500026059605566
"PTPRU",-1.06713142157713,13.076970832171,-4.26041895728383,0.000545212924986122,0.00340303074586766,-0.599828672496741
"BPI",-1.64371500865384,12.9883856495876,-4.29294262898811,0.000578741957632923,0.00356573035644754,-0.598754479966949
"FZD7",1.34288371344113,13.1947306865825,4.99891286777914,0.000583515618854207,0.00358486988411788,0.0886762858976766
"FLNC",-1.09991834755659,15.9447228095544,-4.21810528298107,0.000596849598147433,0.00364595411481965,-0.690082257785136
"MTUS2",1.39142553728544,14.4184809727099,4.27588994789774,0.000599500340024032,0.00365954749790397,-0.634003259138436
"ELANE",-2.37797582144209,15.671540857268,-4.19339130612269,0.000629272713122486,0.00380617060869655,-0.742816299591459
"NSUN4",1.35246934406064,12.5925735450143,4.86079483795174,0.000713483842179075,0.00421185622963776,-0.103290701285029
"MYOC",-1.07662074685567,11.7666693188692,-4.85922984218059,0.000715122638972565,0.00421863499163445,-0.209053210125362
"HLA-DPA1",1.15566815554222,16.0225093646027,4.1108002105023,0.00075113588781607,0.00440389895780915,-0.919127539458422
"MTCL1",1.31087393843466,13.2356755410752,4.80773194717543,0.000771352990697292,0.00450707002240993,-0.177867812351939
"MLIP",-1.44897284068847,12.0176934379196,-4.2820697587993,0.000791349878270785,0.00459374854739698,-0.759182207383701
"GTF2H1",1.01629132129816,11.9494814094399,4.77685550910408,0.000807313269764775,0.00465083820043324,-0.221472876411455
"GPD1",-1.2557089259311,11.6477848671613,-3.96461497163328,0.00102831455666492,0.00568049678990043,-1.2313212381638
"SH3TC2",-1.08547272047886,12.0405467724727,-4.32440218612002,0.00103960956951353,0.00573920533208335,-0.810568236039628
"CDH13",-1.07525735566176,14.6549843830939,-3.932321902376,0.001102313853339,0.00597793282003072,-1.30027450570558
"SREBF2",1.37240941489909,11.2419739485535,4.53827351315862,0.0011533377729922,0.00618749452255804,-0.563553195812037
"HLA-DRA",1.02519854771928,17.5109513185144,3.89589524163416,0.0011922394277106,0.00636132215740624,-1.37803616537215
"CRABP1",-2.15387700382735,14.912943244757,-3.83003714435048,0.00137396281858027,0.00715371538244155,-1.51855623674812
"DSC2",-1.19529641495067,12.7518755618185,-3.90128714257378,0.0014614120314062,0.00751321272093526,-1.45443658633266
"MPO",-1.64995024575896,15.1611341607367,-3.79305980595441,0.00148793368676224,0.00763131642208826,-1.59740094033437
"HLA-DPB1",1.0635830439639,15.66688040732,3.77345543881012,0.00155215640764946,0.00789012840555141,-1.63918320311758
"MMRN1",-1.39037809249153,11.775301084689,-3.76867906073488,0.00156822005855696,0.00794361644502264,-1.64936078157731
"MAP2",1.03450242338321,14.6895874950011,3.75733718965394,0.0016070351385224,0.00809256980470208,-1.67352460009474
"ADAMTSL3",-1.25007224941567,12.2648722302766,-3.94429803441905,0.00174393810477882,0.00864032928525496,-1.48896643671507
"S100P",-1.51625346126428,12.1704956884669,-3.7705630952404,0.00190423088893114,0.00926898125393136,-1.71772919889777
"TSPAN3",1.19127276406108,14.8571353416605,5.34704681378039,0.00201433842444231,0.00967354817902193,-0.787135504623151
"HSPB7",-1.07859302890346,12.725063016053,-3.85432037190652,0.00206360840609341,0.0098566160210435,-1.66933195499553
"ACAN",-1.47864074634848,12.4343396134546,-3.74764225177448,0.00223027055379996,0.0104699856577913,-1.81617937254518
"CHI3L1",-1.70779339735556,14.364927736414,-3.60510814550691,0.00223130841887356,0.0104699856577913,-1.99723936173523
"PSEN2",1.64111566799946,12.8212762070772,4.09506927199732,0.00228562161472354,0.0106782354743276,-1.22223311633251
"SLC13A3",-1.03838602912499,12.3819279940013,-3.57967471968531,0.00235704596681498,0.0109580388327756,-2.05118845768638
"PRTN3",-1.95480309702685,14.4007283744377,-3.51846972423116,0.00268932858916812,0.012180576722188,-2.18081937330766
"ENTPD2",1.08032787147303,17.721163769024,3.48319261972846,0.00290161627169953,0.0129780559297388,-2.25539647803681
"CASQ2",-1.11282399485844,13.0706247632565,-3.63146792937785,0.00313957160112539,0.0138408279555507,-2.07684251506074
"COL20A1",1.0441268936729,14.986503161748,4.02662107061053,0.00317546941229736,0.0139775907958903,-1.70005470210196
"PRG4",-1.25161573706739,13.50105032902,-3.40564482161276,0.00342858842306133,0.0148336463917256,-2.4189286988978
"ISLR2",-1.46455830618841,10.2100743983335,-5.03864945580998,0.0046167835182429,0.0186865670778387,-1.47223092126062
"DES",-1.70989695433141,14.7581964887864,-3.25933893152925,0.00469394329408233,0.0188921882416482,-2.725647060074
"HEMK1",1.60907192479145,11.4450598674303,3.62409159392409,0.00486474641103025,0.0193711499450329,-1.95150286505628
"CGREF1",1.73870741562892,11.4850454962952,3.55610899673436,0.00543707649086886,0.0211507439610869,-2.05884651564194
"LRRTM1",1.32954719969645,13.3806860569102,3.20569719496688,0.00560643250628763,0.0216528630384283,-2.845668975875
"HAPLN2",1.18694887825581,15.4753454613668,3.11776570069678,0.00673478589967393,0.0250652936058397,-3.02412102006777
"TNNT1",-4.05804373753185,13.2868142624486,-3.84474881570656,0.00681790447708096,0.0252871049622136,-2.19131898357764
"TRIM72",-1.04385845879731,12.4556569925592,-3.19786731272513,0.00715909743914798,0.0263367823242565,-2.89370965591938
"PPP1R26",-1.24085650437433,13.1731040686679,-4.43964306342753,0.00768477398334798,0.0278184936998215,-1.94200780137163
"DSG2",-1.4190318273914,13.2487017989484,-2.96150256604949,0.00885409676855326,0.0311468655649598,-3.34018034432563
"CFAP300",-1.04643681335297,13.2941619457485,-3.59669907488901,0.00936811300089538,0.0325353785560935,-2.51579022707711
"KIF20B",-1.62558392436692,20.0290850594556,-3.80554418547526,0.00969699908648992,0.0334462242831286,-2.30487764333254
"CD177",-1.47071839688937,15.5172867407668,-2.94376724084894,0.0102129755349215,0.0348855451055837,-3.36689253061753
"HBG2",-1.0579470067649,14.1200096402085,-3.10609900742797,0.0102695727911487,0.0350093521905153,-3.03538778178571
"OCC1",-1.05294273635972,10.3188623752461,-3.05044917634789,0.0103104822116963,0.0351209732684355,-3.18964630642772
"APOBEC2",-2.45221777632364,11.9682005847663,-3.23007037679291,0.0107293053890031,0.0363174953368026,-2.93320556946432
"ASPN",-1.91749209247978,18.3902304943172,-2.8345866672309,0.0115695272163997,0.0385247787798117,-3.59679012095906
"ACTA1",-1.25644455091912,18.8394822008967,-2.82669901674608,0.0117626125599354,0.0390016309282977,-3.61261432367667
"NPL",-1.25203352452163,11.635568032508,-3.95406589675883,0.0120331867415958,0.0397455603550176,-2.38167230419785
"AOC3",-1.15110585315896,17.0320667610168,-2.81486368302252,0.0120581892931674,0.0397975771721156,-3.63632962836653
"RDH5",-2.15917876870281,11.436247556776,-3.50652539801096,0.013696057454583,0.044004404246122,-2.64732717783101
"LRRC17",-1.27562606736483,13.2762148600307,-2.76033754806987,0.0140956512789744,0.0450191966767393,-3.73601353779238
"SPTA1",-1.18934294399121,14.321046161254,-2.73297010569809,0.0143088093435352,0.0455983953922736,-3.79944380732079
"HMGN2",-1.06828343850172,13.860559337837,-2.73443194672105,0.0148621884936025,0.0469789354037028,-3.78656585252352
"KRT14",-1.96491011086475,11.9735516794766,-2.93181338699311,0.0154050310442584,0.0482164017509702,-3.37248519510214
"NA",NA,NA,NA,NA,NA,NA
"NA.1",NA,NA,NA,NA,NA,NA
"NA.2",NA,NA,NA,NA,NA,NA
"NA.3",NA,NA,NA,NA,NA,NA
"NA.4",NA,NA,NA,NA,NA,NA
"NA.5",NA,NA,NA,NA,NA,NA
"NA.6",NA,NA,NA,NA,NA,NA
"NA.7",NA,NA,NA,NA,NA,NA
"NA.8",NA,NA,NA,NA,NA,NA
"NA.9",NA,NA,NA,NA,NA,NA
"NA.10",NA,NA,NA,NA,NA,NA
"NA.11",NA,NA,NA,NA,NA,NA
"NA.12",NA,NA,NA,NA,NA,NA
"NA.13",NA,NA,NA,NA,NA,NA
"NA.14",NA,NA,NA,NA,NA,NA
"NA.15",NA,NA,NA,NA,NA,NA
"NA.16",NA,NA,NA,NA,NA,NA
"NA.17",NA,NA,NA,NA,NA,NA
"NA.18",NA,NA,NA,NA,NA,NA
"NA.19",NA,NA,NA,NA,NA,NA
"NA.20",NA,NA,NA,NA,NA,NA
"NA.21",NA,NA,NA,NA,NA,NA
"NA.22",NA,NA,NA,NA,NA,NA
"NA.23",NA,NA,NA,NA,NA,NA
"NA.24",NA,NA,NA,NA,NA,NA
"NA.25",NA,NA,NA,NA,NA,NA
"NA.26",NA,NA,NA,NA,NA,NA
"NA.27",NA,NA,NA,NA,NA,NA
"NA.28",NA,NA,NA,NA,NA,NA
"NA.29",NA,NA,NA,NA,NA,NA
"NA.30",NA,NA,NA,NA,NA,NA
"NA.31",NA,NA,NA,NA,NA,NA
"NA.32",NA,NA,NA,NA,NA,NA
"NA.33",NA,NA,NA,NA,NA,NA
"NA.34",NA,NA,NA,NA,NA,NA
"NA.35",NA,NA,NA,NA,NA,NA
"NA.36",NA,NA,NA,NA,NA,NA
"NA.37",NA,NA,NA,NA,NA,NA
"NA.38",NA,NA,NA,NA,NA,NA
"NA.39",NA,NA,NA,NA,NA,NA
"NA.40",NA,NA,NA,NA,NA,NA
"NA.41",NA,NA,NA,NA,NA,NA
"NA.42",NA,NA,NA,NA,NA,NA
"NA.43",NA,NA,NA,NA,NA,NA
"NA.44",NA,NA,NA,NA,NA,NA
"NA.45",NA,NA,NA,NA,NA,NA
"NA.46",NA,NA,NA,NA,NA,NA
"NA.47",NA,NA,NA,NA,NA,NA
"NA.48",NA,NA,NA,NA,NA,NA
"NA.49",NA,NA,NA,NA,NA,NA
"NA.50",NA,NA,NA,NA,NA,NA
"NA.51",NA,NA,NA,NA,NA,NA
"NA.52",NA,NA,NA,NA,NA,NA
"NA.53",NA,NA,NA,NA,NA,NA
"NA.54",NA,NA,NA,NA,NA,NA
"NA.55",NA,NA,NA,NA,NA,NA
"NA.56",NA,NA,NA,NA,NA,NA
"NA.57",NA,NA,NA,NA,NA,NA
"NA.58",NA,NA,NA,NA,NA,NA
"NA.59",NA,NA,NA,NA,NA,NA
"NA.60",NA,NA,NA,NA,NA,NA
"NA.61",NA,NA,NA,NA,NA,NA
"NA.62",NA,NA,NA,NA,NA,NA
"NA.63",NA,NA,NA,NA,NA,NA
"NA.64",NA,NA,NA,NA,NA,NA
"NA.65",NA,NA,NA,NA,NA,NA
"NA.66",NA,NA,NA,NA,NA,NA
"NA.67",NA,NA,NA,NA,NA,NA
"NA.68",NA,NA,NA,NA,NA,NA
"NA.69",NA,NA,NA,NA,NA,NA
"NA.70",NA,NA,NA,NA,NA,NA
"NA.71",NA,NA,NA,NA,NA,NA
